szcore_file	nemar_events_file	nemar_recording	source_edf	edf_start_time	duration_s	n_seizures_szcore
sub-00/ses-01/eeg/sub-00_ses-01_task-szMonitoring_run-00_events.tsv	derivatives/szcore/sub-PN00/eeg/sub-PN00_task-szMonitoring_run-01_events.tsv	sub-PN00/eeg/sub-PN00_task-szMonitoring_run-01_eeg.edf	PN00/PN00-1.edf	19.39.33	2625	1
sub-00/ses-01/eeg/sub-00_ses-01_task-szMonitoring_run-01_events.tsv	derivatives/szcore/sub-PN00/eeg/sub-PN00_task-szMonitoring_run-02_events.tsv	sub-PN00/eeg/sub-PN00_task-szMonitoring_run-02_eeg.edf	PN00/PN00-2.edf	02.18.17	2302	1
sub-00/ses-01/eeg/sub-00_ses-01_task-szMonitoring_run-02_events.tsv	derivatives/szcore/sub-PN00/eeg/sub-PN00_task-szMonitoring_run-03_events.tsv	sub-PN00/eeg/sub-PN00_task-szMonitoring_run-03_eeg.edf	PN00/PN00-3.edf	18.15.44	2509	1
sub-00/ses-01/eeg/sub-00_ses-01_task-szMonitoring_run-03_events.tsv	derivatives/szcore/sub-PN00/eeg/sub-PN00_task-szMonitoring_run-04_events.tsv	sub-PN00/eeg/sub-PN00_task-szMonitoring_run-04_eeg.edf	PN00/PN00-4.edf	20.51.43	2102	1
sub-00/ses-01/eeg/sub-00_ses-01_task-szMonitoring_run-04_events.tsv	derivatives/szcore/sub-PN00/eeg/sub-PN00_task-szMonitoring_run-05_events.tsv	sub-PN00/eeg/sub-PN00_task-szMonitoring_run-05_eeg.edf	PN00/PN00-5.edf	22.22.04	2143	1
sub-01/ses-01/eeg/sub-01_ses-01_task-szMonitoring_run-00_events.tsv	derivatives/szcore/sub-PN01/eeg/sub-PN01_task-szMonitoring_run-01_events.tsv	sub-PN01/eeg/sub-PN01_task-szMonitoring_run-01_eeg.edf	PN01/PN01-1.edf	19.00.44	48557	2
sub-03/ses-01/eeg/sub-03_ses-01_task-szMonitoring_run-00_events.tsv	derivatives/szcore/sub-PN03/eeg/sub-PN03_task-szMonitoring_run-01_events.tsv	sub-PN03/eeg/sub-PN03_task-szMonitoring_run-01_eeg.edf	PN03/PN03-1.edf	22.44.37	46637	1
sub-03/ses-01/eeg/sub-03_ses-01_task-szMonitoring_run-01_events.tsv	derivatives/szcore/sub-PN03/eeg/sub-PN03_task-szMonitoring_run-02_events.tsv	sub-PN03/eeg/sub-PN03_task-szMonitoring_run-02_eeg.edf	PN03/PN03-2.edf	21.31.04	40580	1
sub-05/ses-01/eeg/sub-05_ses-01_task-szMonitoring_run-00_events.tsv	derivatives/szcore/sub-PN05/eeg/sub-PN05_task-szMonitoring_run-01_events.tsv	sub-PN05/eeg/sub-PN05_task-szMonitoring_run-01_eeg.edf	PN05/PN05-2.edf	06.46.02	9245	1
sub-05/ses-01/eeg/sub-05_ses-01_task-szMonitoring_run-01_events.tsv	derivatives/szcore/sub-PN05/eeg/sub-PN05_task-szMonitoring_run-02_events.tsv	sub-PN05/eeg/sub-PN05_task-szMonitoring_run-02_eeg.edf	PN05/PN05-3.edf	06.01.13	7554	1
sub-05/ses-01/eeg/sub-05_ses-01_task-szMonitoring_run-02_events.tsv	derivatives/szcore/sub-PN05/eeg/sub-PN05_task-szMonitoring_run-03_events.tsv	sub-PN05/eeg/sub-PN05_task-szMonitoring_run-03_eeg.edf	PN05/PN05-4.edf	06.38.35	4928	1
sub-06/ses-01/eeg/sub-06_ses-01_task-szMonitoring_run-00_events.tsv	derivatives/szcore/sub-PN06/eeg/sub-PN06_task-szMonitoring_run-01_events.tsv	sub-PN06/eeg/sub-PN06_task-szMonitoring_run-01_eeg.edf	PN06/PN06-1.edf	04.21.22	9615	1
sub-06/ses-01/eeg/sub-06_ses-01_task-szMonitoring_run-01_events.tsv	derivatives/szcore/sub-PN06/eeg/sub-PN06_task-szMonitoring_run-02_events.tsv	sub-PN06/eeg/sub-PN06_task-szMonitoring_run-02_eeg.edf	PN06/PN06-2.edf	21.11.29	12620	1
sub-06/ses-01/eeg/sub-06_ses-01_task-szMonitoring_run-02_events.tsv	derivatives/szcore/sub-PN06/eeg/sub-PN06_task-szMonitoring_run-03_events.tsv	sub-PN06/eeg/sub-PN06_task-szMonitoring_run-03_eeg.edf	PN06/PN06-3.edf	06.25.51	8180	1
sub-06/ses-01/eeg/sub-06_ses-01_task-szMonitoring_run-03_events.tsv	derivatives/szcore/sub-PN06/eeg/sub-PN06_task-szMonitoring_run-04_events.tsv	sub-PN06/eeg/sub-PN06_task-szMonitoring_run-04_eeg.edf	PN06/PN06-4.edf	11.16.09	7025	1
sub-06/ses-01/eeg/sub-06_ses-01_task-szMonitoring_run-04_events.tsv	derivatives/szcore/sub-PN06/eeg/sub-PN06_task-szMonitoring_run-05_events.tsv	sub-PN06/eeg/sub-PN06_task-szMonitoring_run-05_eeg.edf	PN06/PN06-5.edf	13.24.41	6022	1
sub-07/ses-01/eeg/sub-07_ses-01_task-szMonitoring_run-00_events.tsv	derivatives/szcore/sub-PN07/eeg/sub-PN07_task-szMonitoring_run-01_events.tsv	sub-PN07/eeg/sub-PN07_task-szMonitoring_run-01_eeg.edf	PN07/PN07-1.edf	23.18.10	31448	1
sub-09/ses-01/eeg/sub-09_ses-01_task-szMonitoring_run-00_events.tsv	derivatives/szcore/sub-PN09/eeg/sub-PN09_task-szMonitoring_run-01_events.tsv	sub-PN09/eeg/sub-PN09_task-szMonitoring_run-01_eeg.edf	PN09/PN09-1.edf	14.08.54	8233	1
sub-09/ses-01/eeg/sub-09_ses-01_task-szMonitoring_run-01_events.tsv	derivatives/szcore/sub-PN09/eeg/sub-PN09_task-szMonitoring_run-02_events.tsv	sub-PN09/eeg/sub-PN09_task-szMonitoring_run-02_eeg.edf	PN09/PN09-2.edf	15.02.09	8353	1
sub-09/ses-01/eeg/sub-09_ses-01_task-szMonitoring_run-02_events.tsv	derivatives/szcore/sub-PN09/eeg/sub-PN09_task-szMonitoring_run-03_events.tsv	sub-PN09/eeg/sub-PN09_task-szMonitoring_run-03_eeg.edf	PN09/PN09-3.edf	14.20.23	8065	1
sub-10/ses-01/eeg/sub-10_ses-01_task-szMonitoring_run-00_events.tsv	derivatives/szcore/sub-PN10/eeg/sub-PN10_task-szMonitoring_run-02_events.tsv	sub-PN10/eeg/sub-PN10_task-szMonitoring_run-02_eeg.edf	PN10/PN10-1.edf	05.40.05	9982	1
sub-10/ses-01/eeg/sub-10_ses-01_task-szMonitoring_run-01_events.tsv	derivatives/szcore/sub-PN10/eeg/sub-PN10_task-szMonitoring_run-01_events.tsv	sub-PN10/eeg/sub-PN10_task-szMonitoring_run-01_eeg.edf	PN10/PN10-10.edf	08.45.22	8565	1
sub-10/ses-01/eeg/sub-10_ses-01_task-szMonitoring_run-02_events.tsv	derivatives/szcore/sub-PN10/eeg/sub-PN10_task-szMonitoring_run-03_events.tsv	sub-PN10/eeg/sub-PN10_task-szMonitoring_run-03_eeg.edf	PN10/PN10-2.edf	09.30.15	8554	1
sub-10/ses-01/eeg/sub-10_ses-01_task-szMonitoring_run-03_events.tsv	derivatives/szcore/sub-PN10/eeg/sub-PN10_task-szMonitoring_run-04_events.tsv	sub-PN10/eeg/sub-PN10_task-szMonitoring_run-04_eeg.edf	PN10/PN10-3.edf	13.33.18	8713	1
sub-10/ses-01/eeg/sub-10_ses-01_task-szMonitoring_run-04_events.tsv	derivatives/szcore/sub-PN10/eeg/sub-PN10_task-szMonitoring_run-05_events.tsv	sub-PN10/eeg/sub-PN10_task-szMonitoring_run-05_eeg.edf	PN10/PN10-4.5.6.edf	12.11.21	16648	3
sub-10/ses-01/eeg/sub-10_ses-01_task-szMonitoring_run-05_events.tsv	derivatives/szcore/sub-PN10/eeg/sub-PN10_task-szMonitoring_run-06_events.tsv	sub-PN10/eeg/sub-PN10_task-szMonitoring_run-06_eeg.edf	PN10/PN10-7.8.9.edf	16.49.25	14955	3
sub-11/ses-01/eeg/sub-11_ses-01_task-szMonitoring_run-00_events.tsv	derivatives/szcore/sub-PN11/eeg/sub-PN11_task-szMonitoring_run-01_events.tsv	sub-PN11/eeg/sub-PN11_task-szMonitoring_run-01_eeg.edf	PN11/PN11-1.edf	11.31.25	8677	1
sub-12/ses-01/eeg/sub-12_ses-01_task-szMonitoring_run-00_events.tsv	derivatives/szcore/sub-PN12/eeg/sub-PN12_task-szMonitoring_run-01_events.tsv	sub-PN12/eeg/sub-PN12_task-szMonitoring_run-01_eeg.edf	PN12/PN12-1.2.edf	15.51.31	9774	2
sub-12/ses-01/eeg/sub-12_ses-01_task-szMonitoring_run-01_events.tsv	derivatives/szcore/sub-PN12/eeg/sub-PN12_task-szMonitoring_run-02_events.tsv	sub-PN12/eeg/sub-PN12_task-szMonitoring_run-02_eeg.edf	PN12/PN12-3.edf	08.42.35	1989	1
sub-12/ses-01/eeg/sub-12_ses-01_task-szMonitoring_run-02_events.tsv	derivatives/szcore/sub-PN12/eeg/sub-PN12_task-szMonitoring_run-03_events.tsv	sub-PN12/eeg/sub-PN12_task-szMonitoring_run-03_eeg.edf	PN12/PN12-4.edf	15.59.19	10194	1
sub-13/ses-01/eeg/sub-13_ses-01_task-szMonitoring_run-00_events.tsv	derivatives/szcore/sub-PN13/eeg/sub-PN13_task-szMonitoring_run-01_events.tsv	sub-PN13/eeg/sub-PN13_task-szMonitoring_run-01_eeg.edf	PN13/PN13-1.edf	08.24.28	9355	1
sub-13/ses-01/eeg/sub-13_ses-01_task-szMonitoring_run-01_events.tsv	derivatives/szcore/sub-PN13/eeg/sub-PN13_task-szMonitoring_run-02_events.tsv	sub-PN13/eeg/sub-PN13_task-szMonitoring_run-02_eeg.edf	PN13/PN13-2.edf	06.55.02	9312	1
sub-13/ses-01/eeg/sub-13_ses-01_task-szMonitoring_run-02_events.tsv	derivatives/szcore/sub-PN13/eeg/sub-PN13_task-szMonitoring_run-03_events.tsv	sub-PN13/eeg/sub-PN13_task-szMonitoring_run-03_eeg.edf	PN13/PN13-3.edf	12.00.01	12527	1
sub-14/ses-01/eeg/sub-14_ses-01_task-szMonitoring_run-00_events.tsv	derivatives/szcore/sub-PN14/eeg/sub-PN14_task-szMonitoring_run-01_events.tsv	sub-PN14/eeg/sub-PN14_task-szMonitoring_run-01_eeg.edf	PN14/PN14-1.edf	11.44.58	7868	1
sub-14/ses-01/eeg/sub-14_ses-01_task-szMonitoring_run-01_events.tsv	derivatives/szcore/sub-PN14/eeg/sub-PN14_task-szMonitoring_run-02_events.tsv	sub-PN14/eeg/sub-PN14_task-szMonitoring_run-02_eeg.edf	PN14/PN14-2.edf	15.50.13	9165	1
sub-14/ses-01/eeg/sub-14_ses-01_task-szMonitoring_run-02_events.tsv	derivatives/szcore/sub-PN14/eeg/sub-PN14_task-szMonitoring_run-03_events.tsv	sub-PN14/eeg/sub-PN14_task-szMonitoring_run-03_eeg.edf	PN14/PN14-3.edf	19.17.45	41995	1
sub-14/ses-01/eeg/sub-14_ses-01_task-szMonitoring_run-03_events.tsv	derivatives/szcore/sub-PN14/eeg/sub-PN14_task-szMonitoring_run-04_events.tsv	sub-PN14/eeg/sub-PN14_task-szMonitoring_run-04_eeg.edf	PN14/PN14-4.edf	14.18.30	14642	1
sub-16/ses-01/eeg/sub-16_ses-01_task-szMonitoring_run-00_events.tsv	derivatives/szcore/sub-PN16/eeg/sub-PN16_task-szMonitoring_run-01_events.tsv	sub-PN16/eeg/sub-PN16_task-szMonitoring_run-01_eeg.edf	PN16/PN16-1.edf	20.45.21	8270	1
sub-16/ses-01/eeg/sub-16_ses-01_task-szMonitoring_run-01_events.tsv	derivatives/szcore/sub-PN16/eeg/sub-PN16_task-szMonitoring_run-02_events.tsv	sub-PN16/eeg/sub-PN16_task-szMonitoring_run-02_eeg.edf	PN16/PN16-2.edf	00.53.55	9297	1
sub-17/ses-01/eeg/sub-17_ses-01_task-szMonitoring_run-00_events.tsv	derivatives/szcore/sub-PN17/eeg/sub-PN17_task-szMonitoring_run-01_events.tsv	sub-PN17/eeg/sub-PN17_task-szMonitoring_run-01_eeg.edf	PN17/PN17-1.edf	20.14.28	9277	1
sub-17/ses-01/eeg/sub-17_ses-01_task-szMonitoring_run-01_events.tsv	derivatives/szcore/sub-PN17/eeg/sub-PN17_task-szMonitoring_run-02_events.tsv	sub-PN17/eeg/sub-PN17_task-szMonitoring_run-02_eeg.edf	PN17/PN17-2.edf	13.52.18	9172	1
